{
  "tab_enabled": true,
  "tab_name": "rework_operator",
  "tab_stack": {"name":"minecraft:command_block"},
  "tab_items": [
    {
      "name": "minecraft:command_block"
    },
    {
      "name": "minecraft:chain_command_block"
    },
    {
      "name": "minecraft:repeating_command_block"
    },
    {
      "name": "minecraft:command_block_minecart"
    },
    {
      "name": "minecraft:jigsaw"
    },
    {
      "name": "minecraft:structure_block"
    },
    {
      "name": "minecraft:structure_void"
    },
    {
      "name": "minecraft:barrier"
    },
    {
      "name": "minecraft:debug_stick"
    },
    {
      "name": "minecraft:light",
      "nbt": "{BlockStateTag:{level:15}}"
    },
    {
      "name": "minecraft:light",
      "nbt": "{BlockStateTag:{level:14}}"
    },
    {
      "name": "minecraft:light",
      "nbt": "{BlockStateTag:{level:13}}"
    },
    {
      "name": "minecraft:light",
      "nbt": "{BlockStateTag:{level:12}}"
    },
    {
      "name": "minecraft:light",
      "nbt": "{BlockStateTag:{level:11}}"
    },
    {
      "name": "minecraft:light",
      "nbt": "{BlockStateTag:{level:10}}"
    },
    {
      "name": "minecraft:light",
      "nbt": "{BlockStateTag:{level:9}}"
    },
    {
      "name": "minecraft:light",
      "nbt": "{BlockStateTag:{level:8}}"
    },
    {
      "name": "minecraft:light",
      "nbt": "{BlockStateTag:{level:7}}"
    },
    {
      "name": "minecraft:light",
      "nbt": "{BlockStateTag:{level:6}}"
    },
    {
      "name": "minecraft:light",
      "nbt": "{BlockStateTag:{level:5}}"
    },
    {
      "name": "minecraft:light",
      "nbt": "{BlockStateTag:{level:4}}"
    },
    {
      "name": "minecraft:light",
      "nbt": "{BlockStateTag:{level:3}}"
    },
    {
      "name": "minecraft:light",
      "nbt": "{BlockStateTag:{level:2}}"
    },
    {
      "name": "minecraft:light",
      "nbt": "{BlockStateTag:{level:1}}"
    },
    {
      "name": "minecraft:light",
      "nbt": "{BlockStateTag:{level:0}}"
    }
  ]
}