{
  "tab_enabled": true,
  "tab_name": "rework_ingredients",
  "replace": true,
  "tab_stack": {"name":"minecraft:iron_ingot"},
  "tab_items": [
    {
      "name": "minecraft:coal"
    },
    {
      "name": "minecraft:charcoal"
    },
    {
      "name": "minecraft:raw_iron"
    },
    {
      "name": "minecraft:raw_copper"
    },
    {
      "name": "minecraft:raw_gold"
    },
    {
      "name": "minecraft:emerald"
    },
    {
      "name": "minecraft:lapis_lazuli"
    },
    {
      "name": "minecraft:diamond"
    },
    {
      "name": "minecraft:ancient_debris"
    },
    {
      "name": "minecraft:quartz"
    },
    {
      "name": "minecraft:amethyst_shard"
    },
    {
      "name": "minecraft:iron_nugget"
    },
    {
      "name": "minecraft:gold_nugget"
    },
    {
      "name": "minecraft:iron_ingot"
    },
    {
      "name": "minecraft:copper_ingot"
    },
    {
      "name": "minecraft:gold_ingot"
    },
    {
      "name": "minecraft:netherite_scrap"
    },
    {
      "name": "minecraft:netherite_ingot"
    },
    {
      "name": "minecraft:stick"
    },
    {
      "name": "minecraft:flint"
    },
    {
      "name": "minecraft:wheat"
    },
    {
      "name": "minecraft:bone"
    },
    {
      "name": "minecraft:bone_meal"
    },
    {
      "name": "minecraft:string"
    },
    {
      "name": "minecraft:feather"
    },
    {
      "name": "minecraft:snowball"
    },
    {
      "name": "minecraft:egg"
    },
    {
      "name": "minecraft:leather"
    },
    {
      "name": "minecraft:rabbit_hide"
    },
    {
      "name": "minecraft:honeycomb"
    },
    {
      "name": "minecraft:ink_sac"
    },
    {
      "name": "minecraft:glow_ink_sac"
    },
    {
      "name": "minecraft:scute"
    },
    {
      "name": "minecraft:slime_ball"
    },
    {
      "name": "minecraft:clay_ball"
    },
    {
      "name": "minecraft:prismarine_shard"
    },
    {
      "name": "minecraft:prismarine_crystals"
    },
    {
      "name": "minecraft:nautilus_shell"
    },
    {
      "name": "minecraft:heart_of_the_sea"
    },
    {
      "name": "minecraft:blaze_rod"
    },
    {
      "name": "minecraft:nether_star"
    },
    {
      "name": "minecraft:ender_pearl"
    },
    {
      "name": "minecraft:ender_eye"
    },
    {
      "name": "minecraft:shulker_shell"
    },
    {
      "name": "minecraft:popped_chorus_fruit"
    },
    {
      "name": "minecraft:echo_shard"
    },
    {
      "name": "minecraft:disc_fragment_5"
    },
    {
      "name": "minecraft:white_dye"
    },
    {
      "name": "minecraft:light_gray_dye"
    },
    {
      "name": "minecraft:gray_dye"
    },
    {
      "name": "minecraft:black_dye"
    },
    {
      "name": "minecraft:brown_dye"
    },
    {
      "name": "minecraft:red_dye"
    },
    {
      "name": "minecraft:orange_dye"
    },
    {
      "name": "minecraft:yellow_dye"
    },
    {
      "name": "minecraft:lime_dye"
    },
    {
      "name": "minecraft:green_dye"
    },
    {
      "name": "minecraft:cyan_dye"
    },
    {
      "name": "minecraft:light_blue_dye"
    },
    {
      "name": "minecraft:blue_dye"
    },
    {
      "name": "minecraft:purple_dye"
    },
    {
      "name": "minecraft:magenta_dye"
    },
    {
      "name": "minecraft:pink_dye"
    },
    {
      "name": "minecraft:bowl"
    },
    {
      "name": "minecraft:brick"
    },
    {
      "name": "minecraft:nether_brick"
    },
    {
      "name": "minecraft:paper"
    },
    {
      "name": "minecraft:book"
    },
    {
      "name": "minecraft:firework_star"
    },
    {
      "name": "minecraft:glass_bottle"
    },
    {
      "name": "minecraft:nether_wart"
    },
    {
      "name": "minecraft:redstone"
    },
    {
      "name": "minecraft:glowstone_dust"
    },
    {
      "name": "minecraft:gunpowder"
    },
    {
      "name": "minecraft:dragon_breath"
    },
    {
      "name": "minecraft:fermented_spider_eye"
    },
    {
      "name": "minecraft:blaze_powder"
    },
    {
      "name": "minecraft:sugar"
    },
    {
      "name": "minecraft:rabbit_foot"
    },
    {
      "name": "minecraft:glistering_melon_slice"
    },
    {
      "name": "minecraft:spider_eye"
    },
    {
      "name": "minecraft:pufferfish"
    },
    {
      "name": "minecraft:magma_cream"
    },
    {
      "name": "minecraft:golden_carrot"
    },
    {
      "name": "minecraft:ghast_tear"
    },
    {
      "name": "minecraft:turtle_helmet"
    },
    {
      "name": "minecraft:phantom_membrane"
    },
    {
      "name": "minecraft:flower_banner_pattern"
    },
    {
      "name": "minecraft:globe_banner_pattern"
    },
    {
      "name": "minecraft:piglin_banner_pattern"
    },
    {
      "name": "minecraft:skull_banner_pattern"
    },
    {
      "name": "minecraft:creeper_banner_pattern"
    },
    {
      "name": "minecraft:mojang_banner_pattern"
    },
    {
      "name": "minecraft:experience_bottle"
    },
    {
      "name": "minecraft:enchanted_book",
      "nbt": "{StoredEnchantments:[{id:\"minecraft:aqua_affinity\",lvl:1}]}"
    },
    {
      "name": "minecraft:enchanted_book",
      "nbt": "{StoredEnchantments:[{id:\"minecraft:bane_of_arthropods\",lvl:4}]}"
    },
    {
      "name": "minecraft:enchanted_book",
      "nbt": "{StoredEnchantments:[{id:\"minecraft:binding_curse\",lvl:1}]}"
    },
    {
      "name": "minecraft:enchanted_book",
      "nbt": "{StoredEnchantments:[{id:\"minecraft:blast_protection\",lvl:4}]}"
    },
    {
      "name": "minecraft:enchanted_book",
      "nbt": "{StoredEnchantments:[{id:\"minecraft:channeling\",lvl:1}]}"
    },
    {
      "name": "minecraft:enchanted_book",
      "nbt": "{StoredEnchantments:[{id:\"minecraft:depth_strider\",lvl:3}]}"
    },
    {
      "name": "minecraft:enchanted_book",
      "nbt": "{StoredEnchantments:[{id:\"minecraft:efficiency\",lvl:5}]}"
    },
    {
      "name": "minecraft:enchanted_book",
      "nbt": "{StoredEnchantments:[{id:\"minecraft:feather_falling\",lvl:4}]}"
    },
    {
      "name": "minecraft:enchanted_book",
      "nbt": "{StoredEnchantments:[{id:\"minecraft:fire_aspect\",lvl:2}]}"
    },
    {
      "name": "minecraft:enchanted_book",
      "nbt": "{StoredEnchantments:[{id:\"minecraft:fire_protection\",lvl:4}]}"
    },
    {
      "name": "minecraft:enchanted_book",
      "nbt": "{StoredEnchantments:[{id:\"minecraft:flame\",lvl:1}]}"
    },
    {
      "name": "minecraft:enchanted_book",
      "nbt": "{StoredEnchantments:[{id:\"minecraft:fortune\",lvl:3}]}"
    },
    {
      "name": "minecraft:enchanted_book",
      "nbt": "{StoredEnchantments:[{id:\"minecraft:frost_walker\",lvl:2}]}"
    },
    {
      "name": "minecraft:enchanted_book",
      "nbt": "{StoredEnchantments:[{id:\"minecraft:impaling\",lvl:5}]}"
    },
    {
      "name": "minecraft:enchanted_book",
      "nbt": "{StoredEnchantments:[{id:\"minecraft:infinity\",lvl:1}]}"
    },
    {
      "name": "minecraft:enchanted_book",
      "nbt": "{StoredEnchantments:[{id:\"minecraft:knockback\",lvl:2}]}"
    },
    {
      "name": "minecraft:enchanted_book",
      "nbt": "{StoredEnchantments:[{id:\"minecraft:looting\",lvl:3}]}"
    },
    {
      "name": "minecraft:enchanted_book",
      "nbt": "{StoredEnchantments:[{id:\"minecraft:loyalty\",lvl:3}]}"
    },
    {
      "name": "minecraft:enchanted_book",
      "nbt": "{StoredEnchantments:[{id:\"minecraft:luck_of_the_sea\",lvl:3}]}"
    },
    {
      "name": "minecraft:enchanted_book",
      "nbt": "{StoredEnchantments:[{id:\"minecraft:lure\",lvl:3}]}"
    },
    {
      "name": "minecraft:enchanted_book",
      "nbt": "{StoredEnchantments:[{id:\"minecraft:mending\",lvl:1}]}"
    },
    {
      "name": "minecraft:enchanted_book",
      "nbt": "{StoredEnchantments:[{id:\"minecraft:multishot\",lvl:1}]}"
    },
    {
      "name": "minecraft:enchanted_book",
      "nbt": "{StoredEnchantments:[{id:\"minecraft:piercing\",lvl:4}]}"
    },
    {
      "name": "minecraft:enchanted_book",
      "nbt": "{StoredEnchantments:[{id:\"minecraft:power\",lvl:5}]}"
    },
    {
      "name": "minecraft:enchanted_book",
      "nbt": "{StoredEnchantments:[{id:\"minecraft:projectile_protection\",lvl:4}]}"
    },
    {
      "name": "minecraft:enchanted_book",
      "nbt": "{StoredEnchantments:[{id:\"minecraft:protection\",lvl:4}]}"
    },
    {
      "name": "minecraft:enchanted_book",
      "nbt": "{StoredEnchantments:[{id:\"minecraft:punch\",lvl:2}]}"
    },
    {
      "name": "minecraft:enchanted_book",
      "nbt": "{StoredEnchantments:[{id:\"minecraft:quick_charge\",lvl:3}]}"
    },
    {
      "name": "minecraft:enchanted_book",
      "nbt": "{StoredEnchantments:[{id:\"minecraft:respiration\",lvl:3}]}"
    },
    {
      "name": "minecraft:enchanted_book",
      "nbt": "{StoredEnchantments:[{id:\"minecraft:riptide\",lvl:3}]}"
    },
    {
      "name": "minecraft:enchanted_book",
      "nbt": "{StoredEnchantments:[{id:\"minecraft:sharpness\",lvl:5}]}"
    },
    {
      "name": "minecraft:enchanted_book",
      "nbt": "{StoredEnchantments:[{id:\"minecraft:silk_touch\",lvl:1}]}"
    },
    {
      "name": "minecraft:enchanted_book",
      "nbt": "{StoredEnchantments:[{id:\"minecraft:smite\",lvl:5}]}"
    },
    {
      "name": "minecraft:enchanted_book",
      "nbt": "{StoredEnchantments:[{id:\"minecraft:soul_speed\",lvl:3}]}"
    },
    {
      "name": "minecraft:enchanted_book",
      "nbt": "{StoredEnchantments:[{id:\"minecraft:sweeping\",lvl:3}]}"
    },
    {
      "name": "minecraft:enchanted_book",
      "nbt": "{StoredEnchantments:[{id:\"minecraft:swift_sneak\",lvl:3}]}"
    },
    {
      "name": "minecraft:enchanted_book",
      "nbt": "{StoredEnchantments:[{id:\"minecraft:thorns\",lvl:3}]}"
    },
    {
      "name": "minecraft:enchanted_book",
      "nbt": "{StoredEnchantments:[{id:\"minecraft:unbreaking\",lvl:3}]}"
    },
    {
      "name": "minecraft:enchanted_book",
      "nbt": "{StoredEnchantments:[{id:\"minecraft:vanishing_curse\",lvl:1}]}"
    }
  ]
}