{
  "tab_enabled": true,
  "tab_name": "rework_building",
  "replace": true,
  "tab_stack": {"name":"minecraft:bricks"},
  "tab_items": [
    {
      "name": "minecraft:oak_log"
    },
    {
      "name": "minecraft:oak_wood"
    },
    {
      "name": "minecraft:stripped_oak_log"
    },
    {
      "name": "minecraft:stripped_oak_wood"
    },
    {
      "name": "minecraft:oak_planks"
    },
    {
      "name": "minecraft:oak_stairs"
    },
    {
      "name": "minecraft:oak_slab"
    },
    {
      "name": "minecraft:oak_fence"
    },
    {
      "name": "minecraft:oak_fence_gate"
    },
    {
      "name": "minecraft:oak_door"
    },
    {
      "name": "minecraft:oak_trapdoor"
    },
    {
      "name": "minecraft:oak_pressure_plate"
    },
    {
      "name": "minecraft:oak_button"
    },
    {
      "name": "minecraft:spruce_log"
    },
    {
      "name": "minecraft:spruce_wood"
    },
    {
      "name": "minecraft:stripped_spruce_log"
    },
    {
      "name": "minecraft:stripped_spruce_wood"
    },
    {
      "name": "minecraft:spruce_planks"
    },
    {
      "name": "minecraft:spruce_stairs"
    },
    {
      "name": "minecraft:spruce_slab"
    },
    {
      "name": "minecraft:spruce_fence"
    },
    {
      "name": "minecraft:spruce_fence_gate"
    },
    {
      "name": "minecraft:spruce_door"
    },
    {
      "name": "minecraft:spruce_trapdoor"
    },
    {
      "name": "minecraft:spruce_pressure_plate"
    },
    {
      "name": "minecraft:spruce_button"
    },
    {
      "name": "minecraft:birch_log"
    },
    {
      "name": "minecraft:birch_wood"
    },
    {
      "name": "minecraft:stripped_birch_log"
    },
    {
      "name": "minecraft:stripped_birch_wood"
    },
    {
      "name": "minecraft:birch_planks"
    },
    {
      "name": "minecraft:birch_stairs"
    },
    {
      "name": "minecraft:birch_slab"
    },
    {
      "name": "minecraft:birch_fence"
    },
    {
      "name": "minecraft:birch_fence_gate"
    },
    {
      "name": "minecraft:birch_door"
    },
    {
      "name": "minecraft:birch_trapdoor"
    },
    {
      "name": "minecraft:birch_pressure_plate"
    },
    {
      "name": "minecraft:birch_button"
    },
    {
      "name": "minecraft:jungle_log"
    },
    {
      "name": "minecraft:jungle_wood"
    },
    {
      "name": "minecraft:stripped_jungle_log"
    },
    {
      "name": "minecraft:stripped_jungle_wood"
    },
    {
      "name": "minecraft:jungle_planks"
    },
    {
      "name": "minecraft:jungle_stairs"
    },
    {
      "name": "minecraft:jungle_slab"
    },
    {
      "name": "minecraft:jungle_fence"
    },
    {
      "name": "minecraft:jungle_fence_gate"
    },
    {
      "name": "minecraft:jungle_door"
    },
    {
      "name": "minecraft:jungle_trapdoor"
    },
    {
      "name": "minecraft:jungle_pressure_plate"
    },
    {
      "name": "minecraft:jungle_button"
    },
    {
      "name": "minecraft:acacia_log"
    },
    {
      "name": "minecraft:acacia_wood"
    },
    {
      "name": "minecraft:stripped_acacia_log"
    },
    {
      "name": "minecraft:stripped_acacia_wood"
    },
    {
      "name": "minecraft:acacia_planks"
    },
    {
      "name": "minecraft:acacia_stairs"
    },
    {
      "name": "minecraft:acacia_slab"
    },
    {
      "name": "minecraft:acacia_fence"
    },
    {
      "name": "minecraft:acacia_fence_gate"
    },
    {
      "name": "minecraft:acacia_door"
    },
    {
      "name": "minecraft:acacia_trapdoor"
    },
    {
      "name": "minecraft:acacia_pressure_plate"
    },
    {
      "name": "minecraft:acacia_button"
    },
    {
      "name": "minecraft:dark_oak_log"
    },
    {
      "name": "minecraft:dark_oak_wood"
    },
    {
      "name": "minecraft:stripped_dark_oak_log"
    },
    {
      "name": "minecraft:stripped_dark_oak_wood"
    },
    {
      "name": "minecraft:dark_oak_planks"
    },
    {
      "name": "minecraft:dark_oak_stairs"
    },
    {
      "name": "minecraft:dark_oak_slab"
    },
    {
      "name": "minecraft:dark_oak_fence"
    },
    {
      "name": "minecraft:dark_oak_fence_gate"
    },
    {
      "name": "minecraft:dark_oak_door"
    },
    {
      "name": "minecraft:dark_oak_trapdoor"
    },
    {
      "name": "minecraft:dark_oak_pressure_plate"
    },
    {
      "name": "minecraft:dark_oak_button"
    },
    {
      "name": "minecraft:mangrove_log"
    },
    {
      "name": "minecraft:mangrove_wood"
    },
    {
      "name": "minecraft:stripped_mangrove_log"
    },
    {
      "name": "minecraft:stripped_mangrove_wood"
    },
    {
      "name": "minecraft:mangrove_planks"
    },
    {
      "name": "minecraft:mangrove_stairs"
    },
    {
      "name": "minecraft:mangrove_slab"
    },
    {
      "name": "minecraft:mangrove_fence"
    },
    {
      "name": "minecraft:mangrove_fence_gate"
    },
    {
      "name": "minecraft:mangrove_door"
    },
    {
      "name": "minecraft:mangrove_trapdoor"
    },
    {
      "name": "minecraft:mangrove_pressure_plate"
    },
    {
      "name": "minecraft:mangrove_button"
    },
    {
      "name": "minecraft:crimson_stem"
    },
    {
      "name": "minecraft:crimson_hyphae"
    },
    {
      "name": "minecraft:stripped_crimson_stem"
    },
    {
      "name": "minecraft:stripped_crimson_hyphae"
    },
    {
      "name": "minecraft:crimson_planks"
    },
    {
      "name": "minecraft:crimson_stairs"
    },
    {
      "name": "minecraft:crimson_slab"
    },
    {
      "name": "minecraft:crimson_fence"
    },
    {
      "name": "minecraft:crimson_fence_gate"
    },
    {
      "name": "minecraft:crimson_door"
    },
    {
      "name": "minecraft:crimson_trapdoor"
    },
    {
      "name": "minecraft:crimson_pressure_plate"
    },
    {
      "name": "minecraft:crimson_button"
    },
    {
      "name": "minecraft:warped_stem"
    },
    {
      "name": "minecraft:warped_hyphae"
    },
    {
      "name": "minecraft:stripped_warped_stem"
    },
    {
      "name": "minecraft:stripped_warped_hyphae"
    },
    {
      "name": "minecraft:warped_planks"
    },
    {
      "name": "minecraft:warped_stairs"
    },
    {
      "name": "minecraft:warped_slab"
    },
    {
      "name": "minecraft:warped_fence"
    },
    {
      "name": "minecraft:warped_fence_gate"
    },
    {
      "name": "minecraft:warped_door"
    },
    {
      "name": "minecraft:warped_trapdoor"
    },
    {
      "name": "minecraft:warped_pressure_plate"
    },
    {
      "name": "minecraft:warped_button"
    },
    {
      "name": "minecraft:stone"
    },
    {
      "name": "minecraft:stone_stairs"
    },
    {
      "name": "minecraft:stone_slab"
    },
    {
      "name": "minecraft:stone_pressure_plate"
    },
    {
      "name": "minecraft:stone_button"
    },
    {
      "name": "minecraft:cobblestone"
    },
    {
      "name": "minecraft:cobblestone_stairs"
    },
    {
      "name": "minecraft:cobblestone_slab"
    },
    {
      "name": "minecraft:cobblestone_wall"
    },
    {
      "name": "minecraft:mossy_cobblestone"
    },
    {
      "name": "minecraft:mossy_cobblestone_stairs"
    },
    {
      "name": "minecraft:mossy_cobblestone_slab"
    },
    {
      "name": "minecraft:mossy_cobblestone_wall"
    },
    {
      "name": "minecraft:smooth_stone"
    },
    {
      "name": "minecraft:smooth_stone_slab"
    },
    {
      "name": "minecraft:stone_bricks"
    },
    {
      "name": "minecraft:cracked_stone_bricks"
    },
    {
      "name": "minecraft:stone_brick_stairs"
    },
    {
      "name": "minecraft:stone_brick_slab"
    },
    {
      "name": "minecraft:stone_brick_wall"
    },
    {
      "name": "minecraft:chiseled_stone_bricks"
    },
    {
      "name": "minecraft:mossy_stone_bricks"
    },
    {
      "name": "minecraft:mossy_stone_brick_stairs"
    },
    {
      "name": "minecraft:mossy_stone_brick_slab"
    },
    {
      "name": "minecraft:mossy_stone_brick_wall"
    },
    {
      "name": "minecraft:granite"
    },
    {
      "name": "minecraft:granite_stairs"
    },
    {
      "name": "minecraft:granite_slab"
    },
    {
      "name": "minecraft:granite_wall"
    },
    {
      "name": "minecraft:polished_granite"
    },
    {
      "name": "minecraft:polished_granite_stairs"
    },
    {
      "name": "minecraft:polished_granite_slab"
    },
    {
      "name": "minecraft:diorite"
    },
    {
      "name": "minecraft:diorite_stairs"
    },
    {
      "name": "minecraft:polished_diorite"
    },
    {
      "name": "minecraft:diorite_slab"
    },
    {
      "name": "minecraft:diorite_wall"
    },
    {
      "name": "minecraft:polished_diorite_stairs"
    },
    {
      "name": "minecraft:polished_diorite_slab"
    },
    {
      "name": "minecraft:andesite"
    },
    {
      "name": "minecraft:andesite_stairs"
    },
    {
      "name": "minecraft:andesite_slab"
    },
    {
      "name": "minecraft:andesite_wall"
    },
    {
      "name": "minecraft:polished_andesite"
    },
    {
      "name": "minecraft:polished_andesite_stairs"
    },
    {
      "name": "minecraft:polished_andesite_slab"
    },
    {
      "name": "minecraft:deepslate"
    },
    {
      "name": "minecraft:cobbled_deepslate"
    },
    {
      "name": "minecraft:cobbled_deepslate_stairs"
    },
    {
      "name": "minecraft:cobbled_deepslate_slab"
    },
    {
      "name": "minecraft:cobbled_deepslate_wall"
    },
    {
      "name": "minecraft:chiseled_deepslate"
    },
    {
      "name": "minecraft:polished_deepslate"
    },
    {
      "name": "minecraft:polished_deepslate_stairs"
    },
    {
      "name": "minecraft:polished_deepslate_slab"
    },
    {
      "name": "minecraft:polished_deepslate_wall"
    },
    {
      "name": "minecraft:deepslate_bricks"
    },
    {
      "name": "minecraft:cracked_deepslate_bricks"
    },
    {
      "name": "minecraft:deepslate_brick_stairs"
    },
    {
      "name": "minecraft:deepslate_brick_slab"
    },
    {
      "name": "minecraft:deepslate_brick_wall"
    },
    {
      "name": "minecraft:deepslate_tiles"
    },
    {
      "name": "minecraft:cracked_deepslate_tiles"
    },
    {
      "name": "minecraft:deepslate_tile_stairs"
    },
    {
      "name": "minecraft:deepslate_tile_slab"
    },
    {
      "name": "minecraft:deepslate_tile_wall"
    },
    {
      "name": "minecraft:reinforced_deepslate"
    },
    {
      "name": "minecraft:bricks"
    },
    {
      "name": "minecraft:brick_stairs"
    },
    {
      "name": "minecraft:brick_slab"
    },
    {
      "name": "minecraft:brick_wall"
    },
    {
      "name": "minecraft:packed_mud"
    },
    {
      "name": "minecraft:mud_bricks"
    },
    {
      "name": "minecraft:mud_brick_stairs"
    },
    {
      "name": "minecraft:mud_brick_slab"
    },
    {
      "name": "minecraft:mud_brick_wall"
    },
    {
      "name": "minecraft:sandstone"
    },
    {
      "name": "minecraft:sandstone_stairs"
    },
    {
      "name": "minecraft:sandstone_slab"
    },
    {
      "name": "minecraft:sandstone_wall"
    },
    {
      "name": "minecraft:chiseled_sandstone"
    },
    {
      "name": "minecraft:smooth_sandstone"
    },
    {
      "name": "minecraft:smooth_sandstone_stairs"
    },
    {
      "name": "minecraft:smooth_sandstone_slab"
    },
    {
      "name": "minecraft:cut_sandstone"
    },
    {
      "name": "minecraft:cut_sandstone_slab"
    },
    {
      "name": "minecraft:red_sandstone"
    },
    {
      "name": "minecraft:red_sandstone_stairs"
    },
    {
      "name": "minecraft:red_sandstone_slab"
    },
    {
      "name": "minecraft:red_sandstone_wall"
    },
    {
      "name": "minecraft:chiseled_red_sandstone"
    },
    {
      "name": "minecraft:smooth_red_sandstone"
    },
    {
      "name": "minecraft:smooth_red_sandstone_stairs"
    },
    {
      "name": "minecraft:smooth_red_sandstone_slab"
    },
    {
      "name": "minecraft:cut_red_sandstone"
    },
    {
      "name": "minecraft:cut_red_sandstone_slab"
    },
    {
      "name": "minecraft:sea_lantern"
    },
    {
      "name": "minecraft:prismarine"
    },
    {
      "name": "minecraft:prismarine_stairs"
    },
    {
      "name": "minecraft:prismarine_slab"
    },
    {
      "name": "minecraft:prismarine_wall"
    },
    {
      "name": "minecraft:prismarine_bricks"
    },
    {
      "name": "minecraft:prismarine_brick_stairs"
    },
    {
      "name": "minecraft:prismarine_brick_slab"
    },
    {
      "name": "minecraft:dark_prismarine"
    },
    {
      "name": "minecraft:dark_prismarine_stairs"
    },
    {
      "name": "minecraft:dark_prismarine_slab"
    },
    {
      "name": "minecraft:netherrack"
    },
    {
      "name": "minecraft:nether_bricks"
    },
    {
      "name": "minecraft:cracked_nether_bricks"
    },
    {
      "name": "minecraft:nether_brick_stairs"
    },
    {
      "name": "minecraft:nether_brick_slab"
    },
    {
      "name": "minecraft:nether_brick_wall"
    },
    {
      "name": "minecraft:nether_brick_fence"
    },
    {
      "name": "minecraft:chiseled_nether_bricks"
    },
    {
      "name": "minecraft:red_nether_bricks"
    },
    {
      "name": "minecraft:red_nether_brick_stairs"
    },
    {
      "name": "minecraft:red_nether_brick_slab"
    },
    {
      "name": "minecraft:red_nether_brick_wall"
    },
    {
      "name": "minecraft:basalt"
    },
    {
      "name": "minecraft:smooth_basalt"
    },
    {
      "name": "minecraft:polished_basalt"
    },
    {
      "name": "minecraft:blackstone"
    },
    {
      "name": "minecraft:gilded_blackstone"
    },
    {
      "name": "minecraft:blackstone_stairs"
    },
    {
      "name": "minecraft:blackstone_slab"
    },
    {
      "name": "minecraft:blackstone_wall"
    },
    {
      "name": "minecraft:chiseled_polished_blackstone"
    },
    {
      "name": "minecraft:polished_blackstone"
    },
    {
      "name": "minecraft:polished_blackstone_stairs"
    },
    {
      "name": "minecraft:polished_blackstone_slab"
    },
    {
      "name": "minecraft:polished_blackstone_wall"
    },
    {
      "name": "minecraft:polished_blackstone_pressure_plate"
    },
    {
      "name": "minecraft:polished_blackstone_button"
    },
    {
      "name": "minecraft:polished_blackstone_bricks"
    },
    {
      "name": "minecraft:cracked_polished_blackstone_bricks"
    },
    {
      "name": "minecraft:polished_blackstone_brick_stairs"
    },
    {
      "name": "minecraft:polished_blackstone_brick_slab"
    },
    {
      "name": "minecraft:polished_blackstone_brick_wall"
    },
    {
      "name": "minecraft:end_stone"
    },
    {
      "name": "minecraft:end_stone_bricks"
    },
    {
      "name": "minecraft:end_stone_brick_stairs"
    },
    {
      "name": "minecraft:end_stone_brick_slab"
    },
    {
      "name": "minecraft:end_stone_brick_wall"
    },
    {
      "name": "minecraft:purpur_block"
    },
    {
      "name": "minecraft:purpur_pillar"
    },
    {
      "name": "minecraft:purpur_stairs"
    },
    {
      "name": "minecraft:purpur_slab"
    },
    {
      "name": "minecraft:coal_block"
    },
    {
      "name": "minecraft:iron_block"
    },
    {
      "name": "minecraft:iron_bars"
    },
    {
      "name": "minecraft:iron_door"
    },
    {
      "name": "minecraft:iron_trapdoor"
    },
    {
      "name": "minecraft:heavy_weighted_pressure_plate"
    },
    {
      "name": "minecraft:chain"
    },
    {
      "name": "minecraft:gold_block"
    },
    {
      "name": "minecraft:light_weighted_pressure_plate"
    },
    {
      "name": "minecraft:redstone_block"
    },
    {
      "name": "minecraft:emerald_block"
    },
    {
      "name": "minecraft:lapis_block"
    },
    {
      "name": "minecraft:diamond_block"
    },
    {
      "name": "minecraft:netherite_block"
    },
    {
      "name": "minecraft:quartz_block"
    },
    {
      "name": "minecraft:quartz_slab"
    },
    {
      "name": "minecraft:quartz_stairs"
    },
    {
      "name": "minecraft:chiseled_quartz_block"
    },
    {
      "name": "minecraft:quartz_bricks"
    },
    {
      "name": "minecraft:quartz_pillar"
    },
    {
      "name": "minecraft:smooth_quartz"
    },
    {
      "name": "minecraft:smooth_quartz_stairs"
    },
    {
      "name": "minecraft:smooth_quartz_slab"
    },
    {
      "name": "minecraft:amethyst_block"
    },
    {
      "name": "minecraft:copper_block"
    },
    {
      "name": "minecraft:cut_copper"
    },
    {
      "name": "minecraft:cut_copper_stairs"
    },
    {
      "name": "minecraft:cut_copper_slab"
    },
    {
      "name": "minecraft:exposed_copper"
    },
    {
      "name": "minecraft:exposed_cut_copper"
    },
    {
      "name": "minecraft:exposed_cut_copper_stairs"
    },
    {
      "name": "minecraft:exposed_cut_copper_slab"
    },
    {
      "name": "minecraft:weathered_copper"
    },
    {
      "name": "minecraft:weathered_cut_copper"
    },
    {
      "name": "minecraft:weathered_cut_copper_stairs"
    },
    {
      "name": "minecraft:weathered_cut_copper_slab"
    },
    {
      "name": "minecraft:oxidized_copper"
    },
    {
      "name": "minecraft:oxidized_cut_copper"
    },
    {
      "name": "minecraft:oxidized_cut_copper_stairs"
    },
    {
      "name": "minecraft:oxidized_cut_copper_slab"
    },
    {
      "name": "minecraft:waxed_copper_block"
    },
    {
      "name": "minecraft:waxed_cut_copper"
    },
    {
      "name": "minecraft:waxed_cut_copper_stairs"
    },
    {
      "name": "minecraft:waxed_cut_copper_slab"
    },
    {
      "name": "minecraft:waxed_exposed_copper"
    },
    {
      "name": "minecraft:waxed_exposed_cut_copper"
    },
    {
      "name": "minecraft:waxed_exposed_cut_copper_stairs"
    },
    {
      "name": "minecraft:waxed_exposed_cut_copper_slab"
    },
    {
      "name": "minecraft:waxed_weathered_copper"
    },
    {
      "name": "minecraft:waxed_weathered_cut_copper"
    },
    {
      "name": "minecraft:waxed_weathered_cut_copper_stairs"
    },
    {
      "name": "minecraft:waxed_weathered_cut_copper_slab"
    },
    {
      "name": "minecraft:waxed_oxidized_copper"
    },
    {
      "name": "minecraft:waxed_oxidized_cut_copper"
    },
    {
      "name": "minecraft:waxed_oxidized_cut_copper_stairs"
    },
    {
      "name": "minecraft:waxed_oxidized_cut_copper_slab"
    }
  ]
}