{
  "tab_enabled": true,
  "tab_name": "rework_food_and_drinks",
  "replace": true,
  "tab_stack": {"name":"minecraft:golden_apple"},
  "tab_items": [
    {
      "name": "minecraft:apple"
    },
    {
      "name": "minecraft:golden_apple"
    },
    {
      "name": "minecraft:enchanted_golden_apple"
    },
    {
      "name": "minecraft:melon_slice"
    },
    {
      "name": "minecraft:sweet_berries"
    },
    {
      "name": "minecraft:glow_berries"
    },
    {
      "name": "minecraft:chorus_fruit"
    },
    {
      "name": "minecraft:carrot"
    },
    {
      "name": "minecraft:golden_carrot"
    },
    {
      "name": "minecraft:potato"
    },
    {
      "name": "minecraft:baked_potato"
    },
    {
      "name": "minecraft:poisonous_potato"
    },
    {
      "name": "minecraft:beetroot"
    },
    {
      "name": "minecraft:dried_kelp"
    },
    {
      "name": "minecraft:beef"
    },
    {
      "name": "minecraft:cooked_beef"
    },
    {
      "name": "minecraft:porkchop"
    },
    {
      "name": "minecraft:cooked_porkchop"
    },
    {
      "name": "minecraft:mutton"
    },
    {
      "name": "minecraft:cooked_mutton"
    },
    {
      "name": "minecraft:chicken"
    },
    {
      "name": "minecraft:cooked_chicken"
    },
    {
      "name": "minecraft:rabbit"
    },
    {
      "name": "minecraft:cooked_rabbit"
    },
    {
      "name": "minecraft:cod"
    },
    {
      "name": "minecraft:cooked_cod"
    },
    {
      "name": "minecraft:cooked_salmon"
    },
    {
      "name": "minecraft:tropical_fish"
    },
    {
      "name": "minecraft:pufferfish"
    },
    {
      "name": "minecraft:bread"
    },
    {
      "name": "minecraft:cookie"
    },
    {
      "name": "minecraft:cake"
    },
    {
      "name": "minecraft:pumpkin_pie"
    },
    {
      "name": "minecraft:rotten_flesh"
    },
    {
      "name": "minecraft:spider_eye"
    },
    {
      "name": "minecraft:mushroom_stew"
    },
    {
      "name": "minecraft:beetroot_soup"
    },
    {
      "name": "minecraft:rabbit_stew"
    },
    {
      "name": "minecraft:suspicious_stew",
      "nbt": "{Effects:[{EffectId:23,EffectDuration:7}]}"
    },
    {
      "name": "minecraft:suspicious_stew",
      "nbt": "{Effects:[{EffectId:16,EffectDuration:100}]}"
    },
    {
      "name": "minecraft:suspicious_stew",
      "nbt": "{Effects:[{EffectId:12,EffectDuration:80}]}"
    },
    {
      "name": "minecraft:suspicious_stew",
      "nbt": "{Effects:[{EffectId:15,EffectDuration:160}]}"
    },
    {
      "name": "minecraft:suspicious_stew",
      "nbt": "{Effects:[{EffectId:28,EffectDuration:180}]}"
    },
    {
      "name": "minecraft:suspicious_stew",
      "nbt": "{Effects:[{EffectId:10,EffectDuration:160}]}"
    },
    {
      "name": "minecraft:suspicious_stew",
      "nbt": "{Effects:[{EffectId:8,EffectDuration:120}]}"
    },
    {
      "name": "minecraft:suspicious_stew",
      "nbt": "{Effects:[{EffectId:19,EffectDuration:240}]}"
    },
    {
      "name": "minecraft:suspicious_stew",
      "nbt": "{Effects:[{EffectId:20,EffectDuration:160}]}"
    },
    {
      "name": "minecraft:milk_bucket"
    },
    {
      "name": "minecraft:honey_bottle"
    },
    {
      "name": "minecraft:potion",
      "nbt": "{Potion:\"minecraft:water\"}"
    },
    {
      "name": "minecraft:potion",
      "nbt": "{Potion:\"minecraft:mundane\"}"
    },
    {
      "name": "minecraft:potion",
      "nbt": "{Potion:\"minecraft:thick\"}"
    },
    {
      "name": "minecraft:potion",
      "nbt": "{Potion:\"minecraft:awkward\"}"
    },
    {
      "name": "minecraft:potion",
      "nbt": "{Potion:\"minecraft:night_vision\"}"
    },
    {
      "name": "minecraft:potion",
      "nbt": "{Potion:\"minecraft:long_night_vision\"}"
    },
    {
      "name": "minecraft:potion",
      "nbt": "{Potion:\"minecraft:invisibility\"}"
    },
    {
      "name": "minecraft:potion",
      "nbt": "{Potion:\"minecraft:long_invisibility\"}"
    },
    {
      "name": "minecraft:potion",
      "nbt": "{Potion:\"minecraft:leaping\"}"
    },
    {
      "name": "minecraft:potion",
      "nbt": "{Potion:\"minecraft:long_leaping\"}"
    },
    {
      "name": "minecraft:potion",
      "nbt": "{Potion:\"minecraft:strong_leaping\"}"
    },
    {
      "name": "minecraft:potion",
      "nbt": "{Potion:\"minecraft:fire_resistance\"}"
    },
    {
      "name": "minecraft:potion",
      "nbt": "{Potion:\"minecraft:long_fire_resistance\"}"
    },
    {
      "name": "minecraft:potion",
      "nbt": "{Potion:\"minecraft:swiftness\"}"
    },
    {
      "name": "minecraft:potion",
      "nbt": "{Potion:\"minecraft:long_swiftness\"}"
    },
    {
      "name": "minecraft:potion",
      "nbt": "{Potion:\"minecraft:strong_swiftness\"}"
    },
    {
      "name": "minecraft:potion",
      "nbt": "{Potion:\"minecraft:slowness\"}"
    },
    {
      "name": "minecraft:potion",
      "nbt": "{Potion:\"minecraft:long_slowness\"}"
    },
    {
      "name": "minecraft:potion",
      "nbt": "{Potion:\"minecraft:strong_slowness\"}"
    },
    {
      "name": "minecraft:potion",
      "nbt": "{Potion:\"minecraft:turtle_master\"}"
    },
    {
      "name": "minecraft:potion",
      "nbt": "{Potion:\"minecraft:long_turtle_master\"}"
    },
    {
      "name": "minecraft:potion",
      "nbt": "{Potion:\"minecraft:strong_turtle_master\"}"
    },
    {
      "name": "minecraft:potion",
      "nbt": "{Potion:\"minecraft:water_breathing\"}"
    },
    {
      "name": "minecraft:potion",
      "nbt": "{Potion:\"minecraft:long_water_breathing\"}"
    },
    {
      "name": "minecraft:potion",
      "nbt": "{Potion:\"minecraft:healing\"}"
    },
    {
      "name": "minecraft:potion",
      "nbt": "{Potion:\"minecraft:strong_healing\"}"
    },
    {
      "name": "minecraft:potion",
      "nbt": "{Potion:\"minecraft:harming\"}"
    },
    {
      "name": "minecraft:potion",
      "nbt": "{Potion:\"minecraft:strong_harming\"}"
    },
    {
      "name": "minecraft:potion",
      "nbt": "{Potion:\"minecraft:poison\"}"
    },
    {
      "name": "minecraft:potion",
      "nbt": "{Potion:\"minecraft:long_poison\"}"
    },
    {
      "name": "minecraft:potion",
      "nbt": "{Potion:\"minecraft:strong_poison\"}"
    },
    {
      "name": "minecraft:potion",
      "nbt": "{Potion:\"minecraft:regeneration\"}"
    },
    {
      "name": "minecraft:potion",
      "nbt": "{Potion:\"minecraft:long_regeneration\"}"
    },
    {
      "name": "minecraft:potion",
      "nbt": "{Potion:\"minecraft:strong_regeneration\"}"
    },
    {
      "name": "minecraft:potion",
      "nbt": "{Potion:\"minecraft:strength\"}"
    },
    {
      "name": "minecraft:potion",
      "nbt": "{Potion:\"minecraft:long_strength\"}"
    },
    {
      "name": "minecraft:potion",
      "nbt": "{Potion:\"minecraft:strong_strength\"}"
    },
    {
      "name": "minecraft:potion",
      "nbt": "{Potion:\"minecraft:weakness\"}"
    },
    {
      "name": "minecraft:potion",
      "nbt": "{Potion:\"minecraft:long_weakness\"}"
    },
    {
      "name": "minecraft:potion",
      "nbt": "{Potion:\"minecraft:luck\"}"
    },
    {
      "name": "minecraft:potion",
      "nbt": "{Potion:\"minecraft:slow_falling\"}"
    },
    {
      "name": "minecraft:potion",
      "nbt": "{Potion:\"minecraft:long_slow_falling\"}"
    },
    {
      "name": "minecraft:splash_potion",
      "nbt": "{Potion:\"minecraft:water\"}"
    },
    {
      "name": "minecraft:splash_potion",
      "nbt": "{Potion:\"minecraft:mundane\"}"
    },
    {
      "name": "minecraft:splash_potion",
      "nbt": "{Potion:\"minecraft:thick\"}"
    },
    {
      "name": "minecraft:splash_potion",
      "nbt": "{Potion:\"minecraft:awkward\"}"
    },
    {
      "name": "minecraft:splash_potion",
      "nbt": "{Potion:\"minecraft:night_vision\"}"
    },
    {
      "name": "minecraft:splash_potion",
      "nbt": "{Potion:\"minecraft:long_night_vision\"}"
    },
    {
      "name": "minecraft:splash_potion",
      "nbt": "{Potion:\"minecraft:invisibility\"}"
    },
    {
      "name": "minecraft:splash_potion",
      "nbt": "{Potion:\"minecraft:long_invisibility\"}"
    },
    {
      "name": "minecraft:splash_potion",
      "nbt": "{Potion:\"minecraft:leaping\"}"
    },
    {
      "name": "minecraft:splash_potion",
      "nbt": "{Potion:\"minecraft:long_leaping\"}"
    },
    {
      "name": "minecraft:splash_potion",
      "nbt": "{Potion:\"minecraft:strong_leaping\"}"
    },
    {
      "name": "minecraft:splash_potion",
      "nbt": "{Potion:\"minecraft:fire_resistance\"}"
    },
    {
      "name": "minecraft:splash_potion",
      "nbt": "{Potion:\"minecraft:long_fire_resistance\"}"
    },
    {
      "name": "minecraft:splash_potion",
      "nbt": "{Potion:\"minecraft:swiftness\"}"
    },
    {
      "name": "minecraft:splash_potion",
      "nbt": "{Potion:\"minecraft:long_swiftness\"}"
    },
    {
      "name": "minecraft:splash_potion",
      "nbt": "{Potion:\"minecraft:strong_swiftness\"}"
    },
    {
      "name": "minecraft:splash_potion",
      "nbt": "{Potion:\"minecraft:slowness\"}"
    },
    {
      "name": "minecraft:splash_potion",
      "nbt": "{Potion:\"minecraft:long_slowness\"}"
    },
    {
      "name": "minecraft:splash_potion",
      "nbt": "{Potion:\"minecraft:strong_slowness\"}"
    },
    {
      "name": "minecraft:splash_potion",
      "nbt": "{Potion:\"minecraft:turtle_master\"}"
    },
    {
      "name": "minecraft:splash_potion",
      "nbt": "{Potion:\"minecraft:long_turtle_master\"}"
    },
    {
      "name": "minecraft:splash_potion",
      "nbt": "{Potion:\"minecraft:strong_turtle_master\"}"
    },
    {
      "name": "minecraft:splash_potion",
      "nbt": "{Potion:\"minecraft:water_breathing\"}"
    },
    {
      "name": "minecraft:splash_potion",
      "nbt": "{Potion:\"minecraft:long_water_breathing\"}"
    },
    {
      "name": "minecraft:splash_potion",
      "nbt": "{Potion:\"minecraft:healing\"}"
    },
    {
      "name": "minecraft:splash_potion",
      "nbt": "{Potion:\"minecraft:strong_healing\"}"
    },
    {
      "name": "minecraft:splash_potion",
      "nbt": "{Potion:\"minecraft:harming\"}"
    },
    {
      "name": "minecraft:splash_potion",
      "nbt": "{Potion:\"minecraft:strong_harming\"}"
    },
    {
      "name": "minecraft:splash_potion",
      "nbt": "{Potion:\"minecraft:poison\"}"
    },
    {
      "name": "minecraft:splash_potion",
      "nbt": "{Potion:\"minecraft:long_poison\"}"
    },
    {
      "name": "minecraft:splash_potion",
      "nbt": "{Potion:\"minecraft:strong_poison\"}"
    },
    {
      "name": "minecraft:splash_potion",
      "nbt": "{Potion:\"minecraft:regeneration\"}"
    },
    {
      "name": "minecraft:splash_potion",
      "nbt": "{Potion:\"minecraft:long_regeneration\"}"
    },
    {
      "name": "minecraft:splash_potion",
      "nbt": "{Potion:\"minecraft:strong_regeneration\"}"
    },
    {
      "name": "minecraft:splash_potion",
      "nbt": "{Potion:\"minecraft:strength\"}"
    },
    {
      "name": "minecraft:splash_potion",
      "nbt": "{Potion:\"minecraft:long_strength\"}"
    },
    {
      "name": "minecraft:splash_potion",
      "nbt": "{Potion:\"minecraft:strong_strength\"}"
    },
    {
      "name": "minecraft:splash_potion",
      "nbt": "{Potion:\"minecraft:weakness\"}"
    },
    {
      "name": "minecraft:splash_potion",
      "nbt": "{Potion:\"minecraft:long_weakness\"}"
    },
    {
      "name": "minecraft:splash_potion",
      "nbt": "{Potion:\"minecraft:luck\"}"
    },
    {
      "name": "minecraft:splash_potion",
      "nbt": "{Potion:\"minecraft:slow_falling\"}"
    },
    {
      "name": "minecraft:splash_potion",
      "nbt": "{Potion:\"minecraft:long_slow_falling\"}"
    },
    {
      "name": "minecraft:lingering_potion",
      "nbt": "{Potion:\"minecraft:water\"}"
    },
    {
      "name": "minecraft:lingering_potion",
      "nbt": "{Potion:\"minecraft:mundane\"}"
    },
    {
      "name": "minecraft:lingering_potion",
      "nbt": "{Potion:\"minecraft:thick\"}"
    },
    {
      "name": "minecraft:lingering_potion",
      "nbt": "{Potion:\"minecraft:awkward\"}"
    },
    {
      "name": "minecraft:lingering_potion",
      "nbt": "{Potion:\"minecraft:night_vision\"}"
    },
    {
      "name": "minecraft:lingering_potion",
      "nbt": "{Potion:\"minecraft:long_night_vision\"}"
    },
    {
      "name": "minecraft:lingering_potion",
      "nbt": "{Potion:\"minecraft:invisibility\"}"
    },
    {
      "name": "minecraft:lingering_potion",
      "nbt": "{Potion:\"minecraft:long_invisibility\"}"
    },
    {
      "name": "minecraft:lingering_potion",
      "nbt": "{Potion:\"minecraft:leaping\"}"
    },
    {
      "name": "minecraft:lingering_potion",
      "nbt": "{Potion:\"minecraft:long_leaping\"}"
    },
    {
      "name": "minecraft:lingering_potion",
      "nbt": "{Potion:\"minecraft:strong_leaping\"}"
    },
    {
      "name": "minecraft:lingering_potion",
      "nbt": "{Potion:\"minecraft:fire_resistance\"}"
    },
    {
      "name": "minecraft:lingering_potion",
      "nbt": "{Potion:\"minecraft:long_fire_resistance\"}"
    },
    {
      "name": "minecraft:lingering_potion",
      "nbt": "{Potion:\"minecraft:swiftness\"}"
    },
    {
      "name": "minecraft:lingering_potion",
      "nbt": "{Potion:\"minecraft:long_swiftness\"}"
    },
    {
      "name": "minecraft:lingering_potion",
      "nbt": "{Potion:\"minecraft:strong_swiftness\"}"
    },
    {
      "name": "minecraft:lingering_potion",
      "nbt": "{Potion:\"minecraft:slowness\"}"
    },
    {
      "name": "minecraft:lingering_potion",
      "nbt": "{Potion:\"minecraft:long_slowness\"}"
    },
    {
      "name": "minecraft:lingering_potion",
      "nbt": "{Potion:\"minecraft:strong_slowness\"}"
    },
    {
      "name": "minecraft:lingering_potion",
      "nbt": "{Potion:\"minecraft:turtle_master\"}"
    },
    {
      "name": "minecraft:lingering_potion",
      "nbt": "{Potion:\"minecraft:long_turtle_master\"}"
    },
    {
      "name": "minecraft:lingering_potion",
      "nbt": "{Potion:\"minecraft:strong_turtle_master\"}"
    },
    {
      "name": "minecraft:lingering_potion",
      "nbt": "{Potion:\"minecraft:water_breathing\"}"
    },
    {
      "name": "minecraft:lingering_potion",
      "nbt": "{Potion:\"minecraft:long_water_breathing\"}"
    },
    {
      "name": "minecraft:lingering_potion",
      "nbt": "{Potion:\"minecraft:healing\"}"
    },
    {
      "name": "minecraft:lingering_potion",
      "nbt": "{Potion:\"minecraft:strong_healing\"}"
    },
    {
      "name": "minecraft:lingering_potion",
      "nbt": "{Potion:\"minecraft:harming\"}"
    },
    {
      "name": "minecraft:lingering_potion",
      "nbt": "{Potion:\"minecraft:strong_harming\"}"
    },
    {
      "name": "minecraft:lingering_potion",
      "nbt": "{Potion:\"minecraft:poison\"}"
    },
    {
      "name": "minecraft:lingering_potion",
      "nbt": "{Potion:\"minecraft:long_poison\"}"
    },
    {
      "name": "minecraft:lingering_potion",
      "nbt": "{Potion:\"minecraft:strong_poison\"}"
    },
    {
      "name": "minecraft:lingering_potion",
      "nbt": "{Potion:\"minecraft:regeneration\"}"
    },
    {
      "name": "minecraft:lingering_potion",
      "nbt": "{Potion:\"minecraft:long_regeneration\"}"
    },
    {
      "name": "minecraft:lingering_potion",
      "nbt": "{Potion:\"minecraft:strong_regeneration\"}"
    },
    {
      "name": "minecraft:lingering_potion",
      "nbt": "{Potion:\"minecraft:strength\"}"
    },
    {
      "name": "minecraft:lingering_potion",
      "nbt": "{Potion:\"minecraft:long_strength\"}"
    },
    {
      "name": "minecraft:lingering_potion",
      "nbt": "{Potion:\"minecraft:strong_strength\"}"
    },
    {
      "name": "minecraft:lingering_potion",
      "nbt": "{Potion:\"minecraft:weakness\"}"
    },
    {
      "name": "minecraft:lingering_potion",
      "nbt": "{Potion:\"minecraft:long_weakness\"}"
    },
    {
      "name": "minecraft:lingering_potion",
      "nbt": "{Potion:\"minecraft:luck\"}"
    },
    {
      "name": "minecraft:lingering_potion",
      "nbt": "{Potion:\"minecraft:slow_falling\"}"
    },
    {
      "name": "minecraft:lingering_potion",
      "nbt": "{Potion:\"minecraft:long_slow_falling\"}"
    }
  ]
}