{
  "tab_enabled": true,
  "tab_name": "rework_redstone",
  "replace": true,
  "tab_stack": {"name": "minecraft:redstone"},
  "tab_items": [
    {
      "name": "minecraft:redstone"
    },
    {
      "name": "minecraft:redstone_torch"
    },
    {
      "name": "minecraft:redstone_block"
    },
    {
      "name": "minecraft:repeater"
    },
    {
      "name": "minecraft:comparator"
    },
    {
      "name": "minecraft:target"
    },
    {
      "name": "minecraft:lever"
    },
    {
      "name": "minecraft:oak_button"
    },
    {
      "name": "minecraft:stone_button"
    },
    {
      "name": "minecraft:oak_pressure_plate"
    },
    {
      "name": "minecraft:stone_pressure_plate"
    },
    {
      "name": "minecraft:light_weighted_pressure_plate"
    },
    {
      "name": "minecraft:heavy_weighted_pressure_plate"
    },
    {
      "name": "minecraft:sculk_sensor"
    },
    {
      "name": "minecraft:white_wool"
    },
    {
      "name": "minecraft:tripwire_hook"
    },
    {
      "name": "minecraft:string"
    },
    {
      "name": "minecraft:lectern"
    },
    {
      "name": "minecraft:daylight_detector"
    },
    {
      "name": "minecraft:lightning_rod"
    },
    {
      "name": "minecraft:piston"
    },
    {
      "name": "minecraft:sticky_piston"
    },
    {
      "name": "minecraft:slime_block"
    },
    {
      "name": "minecraft:honey_block"
    },
    {
      "name": "minecraft:dispenser"
    },
    {
      "name": "minecraft:dropper"
    },
    {
      "name": "minecraft:hopper"
    },
    {
      "name": "minecraft:chest"
    },
    {
      "name": "minecraft:barrel"
    },
    {
      "name": "minecraft:furnace"
    },
    {
      "name": "minecraft:trapped_chest"
    },
    {
      "name": "minecraft:observer"
    },
    {
      "name": "minecraft:note_block"
    },
    {
      "name": "minecraft:composter"
    },
    {
      "name": "minecraft:cauldron"
    },
    {
      "name": "minecraft:rail"
    },
    {
      "name": "minecraft:powered_rail"
    },
    {
      "name": "minecraft:detector_rail"
    },
    {
      "name": "minecraft:activator_rail"
    },
    {
      "name": "minecraft:minecart"
    },
    {
      "name": "minecraft:chest_minecart"
    },
    {
      "name": "minecraft:furnace_minecart"
    },
    {
      "name": "minecraft:tnt_minecart"
    },
    {
      "name": "minecraft:hopper_minecart"
    },
    {
      "name": "minecraft:oak_chest_boat"
    },
    {
      "name": "minecraft:oak_door"
    },
    {
      "name": "minecraft:iron_door"
    },
    {
      "name": "minecraft:oak_fence_gate"
    },
    {
      "name": "minecraft:oak_trapdoor"
    },
    {
      "name": "minecraft:iron_trapdoor"
    },
    {
      "name": "minecraft:tnt"
    },
    {
      "name": "minecraft:redstone_lamp"
    },
    {
      "name": "minecraft:bell"
    },
    {
      "name": "minecraft:big_dripleaf"
    },
    {
      "name": "minecraft:armor_stand"
    },
    {
      "name": "minecraft:redstone_ore"
    }
  ]
}